Sites,Regions
Auckland,Auckland
Blenheim,Marlborough
Christchurch,Canterbury
Dannevirke,Manawat큰-Whanganui
Dunedin,Otago
Gisborne,Gisborne
Gore,Southland
Hamilton,Waikato
Hokitika,West Coast
Invercargill,Southland
Kerikeri,Northland
Lake Tekapo,Canterbury
Masterton,Wellington
Milford Sound,Southland
Napier,Hawke's Bay
Nelson,Nelson
New Plymouth,Taranaki
Queenstown,Otago
Reefton,West Coast
Rotorua,Bay of Plenty
Tara Hills,Otago
Taumarunui,Manawat큰-Whanganui
Taupo,Waikato
Tauranga,Bay of Plenty
Timaru,Canterbury
Waiouru,Manawat큰-Whanganui
Wellington,Wellington
Whanganui,Manawat큰-Whanganui
Whangaparaoa,Auckland
Whangarei,Northland
